noun_form	lemma_ar	lemma_bw	english_gloss	inflected_form_ar	inflected_form_bw	form_gen	form_num	functional_gen	functional_num	rat
الحرب	حَرْب	Harob	war	الحَرْب	AlHarobi	m	s	f	s	i
الحرب	حَرْب	Harob	war	الحَرْب	AlHarobi	m	s	m	s	i
السوق	سُوق	suwq	market	السُّوق	Als~uwqi	m	s	f	s	i
السوق	سُوق	suwq	market	السُّوق	Als~uwqi	m	s	m	s	i
الأرض	أَرْض	>aroD	land/earth	الأَرْض	Al>aroDi	m	s	f	s	i
الأرض	أَرْض	>aroD	land/earth	الأَرْض	Al>aroDi	m	s	m	s	i
حال	حال	HAl	condition/state	حَال	HAl	m	s	f	s	i
حال	حال	HAl	condition/state	حَال	HAl	m	s	m	s	i
الطريق	طَرِيق	Tariyq	road/path	الطَّرِيق	AlT~ariyqi	m	s	f	s	i
الطريق	طَرِيق	Tariyq	road/path	الطَّرِيق	AlT~ariyqi	m	s	m	s	i
السن	سِنّ	sin~	tooth/age	السِّنّ	Als~in~i	m	s	f	s	i
السن	سِنّ	sin~	tooth/age	السِّنّ	Als~in~i	m	s	m	s	i
قدم	قَدَم	qadam	foot	قَدَم	qadam	m	s	f	s	i
قدم	قَدَم	qadam	foot	قَدَم	qadam	m	s	m	s	i
الكأس	كَأْس	ka>os	cup	الكَأْس	Alka>osi	m	s	f	s	i
الكأس	كَأْس	ka>os	cup	الكَأْس	Alka>osi	m	s	m	s	i
نار	نار	nAr	fire	نَار	nAr	m	s	f	s	i
نار	نار	nAr	fire	نَار	nAr	m	s	m	s	i
ذراع	ذِراع	*irAE	arm	ذِرَاع	*irAEi	m	s	f	s	i
ذراع	ذِراع	*irAE	arm	ذِرَاع	*irAEi	m	s	m	s	i
العين	عَيْن	Eayon	eye/spring	العَيْن	AlEayoni	m	s	f	s	i
العين	عَيْن	Eayon	eye/spring	العَيْن	AlEayoni	m	s	m	s	i
عصا	عَصاً	EaSA	staff/cane	عَصَا	EaSA	m	s	f	s	i
عصا	عَصاً	EaSA	staff/cane	عَصَا	EaSA	m	s	m	s	i
بئر	بِئْر	bi}or	well	بِئْر	bi}or	m	s	f	s	i
بئر	بِئْر	bi}or	well	بِئْر	bi}or	m	s	m	s	i
يمين	يَمِين	yamiyn	right hand/oath	يَمِين	yamiyn	m	s	f	s	i
يمين	يَمِين	yamiyn	right hand/oath	يَمِين	yamiyn	m	s	m	s	i
الروح	رُوح	ruwH	soul/spirit	الرُّوح	Alr~uwHi	m	s	f	s	i
الروح	رُوح	ruwH	soul/spirit	الرُّوح	Alr~uwHi	m	s	m	s	i
النفس	نَفْس	nafos	self/soul	النَّفْس	Aln~afosi	m	s	f	s	i
النفس	نَفْس	nafos	self/soul	النَّفْس	Aln~afosi	m	s	m	s	i
العجوز	عَجُوز	Eajuwz	old person/old woman	العَجُوز	AlEajuwzi	m	s	f	s	r
العجوز	عَجُوز	Eajuwz	old person/old woman	العَجُوز	AlEajuwzi	m	s	m	s	r
البلد	بَلَد	balad	country/town	البَلَد	Albaladi	m	s	m	s	i
البلد	بَلَد	balad	country/town	البَلَد	Albaladi	m	s	f	s	i
السبيل	سَبِيل	sabiyl	way/path	السَّبِيل	Als~abiyli	m	s	m	s	i
السبيل	سَبِيل	sabiyl	way/path	السَّبِيل	Als~abiyli	m	s	f	s	i
الإبل	إِبِل	<ibil	camels (collective)	الإِبِل	Al<ibili	m	s	f	s	i
الإبل	إِبِل	<ibil	camels (collective)	الإِبِل	Al<ibili	m	s	m	s	i
الطير	طَيْر	Tayor	bird(s) (collective)	الطَّيْر	AlT~ayori	m	s	m	s	i
الطير	طَيْر	Tayor	bird(s) (collective)	الطَّيْر	AlT~ayori	m	s	f	s	i
الدرع	دِرْع	diroE	armor/shield	الدِّرْع	Ald~iroEi	m	s	f	s	i
الدرع	دِرْع	diroE	armor/shield	الدِّرْع	Ald~iroEi	m	s	m	s	i
الكف	كَفّ	kaf~	palm/hand	الكَفّ	Alkaf~i	m	s	f	s	i
الكف	كَفّ	kaf~	palm/hand	الكَفّ	Alkaf~i	m	s	m	s	i
العضو	عُضْو	EuDow	member/limb	العُضْو	AlEuDowi	m	s	m	s	i
العضو	عُضْو	EuDow	member/limb	العُضْو	AlEuDowi	m	s	f	s	i